id,start_time,end_time,description,location
599,2023-08-15 11:30:00,2023-08-15 13:00:00,"Реконструктивная урогинекология, лекция","набережная реки Фонтанки, д. 154, лит. Г, 244"
600,2023-08-16 11:30:00,2023-08-16 14:30:00,"Реконструктивная урогинекология, практическое занятие","набережная реки Фонтанки, д. 154, лит. А, 447"
601,2023-08-17 11:45:00,2023-08-17 14:45:00,"Реконструктивная урогинекология, семинар","набережная реки Фонтанки, д. 154, лит. А, 447"
602,2023-08-18 09:00:00,2023-08-18 10:30:00,"Реконструктивная урогинекология, лекция","набережная реки Фонтанки, д. 154, лит. Г, 244"
603,2023-08-18 11:00:00,2023-08-18 12:30:00,"Реконструктивная урогинекология, семинар","набережная реки Фонтанки, д. 154, лит. Г, 244"
604,2023-08-22 12:00:00,2023-08-22 13:30:00,"Реконструктивная урогинекология, лекция","набережная реки Фонтанки, д. 154, лит. Г, 244"
605,2023-08-23 11:45:00,2023-08-23 14:45:00,"Реконструктивная урогинекология, практическое занятие","набережная реки Фонтанки, д. 154, лит. А, 447"
606,2023-08-24 11:45:00,2023-08-24 14:45:00,"Реконструктивная урогинекология, семинар","набережная реки Фонтанки, д. 154, лит. А, 447"
607,2023-08-25 09:00:00,2023-08-25 10:30:00,"Реконструктивная урогинекология, лекция","набережная реки Фонтанки, д. 154, лит. Г, 244"
608,2023-08-25 11:00:00,2023-08-25 12:30:00,"Реконструктивная урогинекология, семинар","набережная реки Фонтанки, д. 154, лит. Г, 244"
11,2023-08-09 15:30:00,2023-08-09 17:00:00,"Летняя школа русского языка как иностранного в Санкт-Петербургском государственном университете., практическое занятие","9-я линия В.О., д. 2/11, лит. А, 316"
705,2023-08-24 10:00:00,2023-08-24 11:45:00,"Управление персоналом организации высшего образования, лекция",С использованием информационно-коммуникационных технологий
881,2023-08-31 09:00:00,2023-08-31 10:30:00,"Русский язык как иностранный A2-3, практическое занятие","9-я линия В.О., д. 2/11, лит. А, 221"
882,2023-08-31 10:40:00,2023-08-31 12:10:00,"Русский язык как иностранный A2-3, практическое занятие","9-я линия В.О., д. 2/11, лит. А, 221"
883,2023-08-31 12:20:00,2023-08-31 13:50:00,"Русский язык как иностранный A2-2, практическое занятие","9-я линия В.О., д. 2/11, лит. А, 215"
884,2023-08-31 14:00:00,2023-08-31 15:30:00,"Русский язык как иностранный A2-2, практическое занятие","9-я линия В.О., д. 2/11, лит. А, 215"
885,2023-08-31 15:40:00,2023-08-31 17:10:00,"Русский язык как иностранный A1-1, практическое занятие","9-я линия В.О., д. 2/11, лит. А, 315"
18,2023-08-09 12:20:00,2023-08-09 13:50:00,"Летняя школа русского языка как иностранного в Санкт-Петербургском государственном университете., практическое занятие","9-я линия В.О., д. 2/11, лит. А, 406"
886,2023-08-31 17:20:00,2023-08-31 18:50:00,"Русский язык как иностранный A1-1, практическое занятие","9-я линия В.О., д. 2/11, лит. А, 315"
889,2023-08-10 10:45:00,2023-08-10 12:00:00,"Летняя школа русского языка как иностранного в Санкт-Петербургском государственном университете., практическое занятие","9-я линия В.О., д. 2/11, лит. А, 308"
890,2023-08-10 12:20:00,2023-08-10 13:20:00,"Летняя школа русского языка как иностранного в Санкт-Петербургском государственном университете., практическое занятие","9-я линия В.О., д. 2/11, лит. А, 308"
891,2023-08-11 09:00:00,2023-08-11 10:30:00,"Русский язык как иностранный A2-3, практическое занятие","9-я линия В.О., д. 2/11, лит. А, 221"
892,2023-08-11 10:40:00,2023-08-11 12:10:00,"Русский язык как иностранный A2-3, практическое занятие","9-я линия В.О., д. 2/11, лит. А, 221"
893,2023-08-11 12:45:00,2023-08-11 14:00:00,"Летняя школа русского языка как иностранного в Санкт-Петербургском государственном университете., практическое занятие","9-я линия В.О., д. 2/11, лит. А, 308"
894,2023-08-11 14:20:00,2023-08-11 15:20:00,"Летняя школа русского языка как иностранного в Санкт-Петербургском государственном университете., практическое занятие","9-я линия В.О., д. 2/11, лит. А, 308"
895,2023-08-11 15:30:00,2023-08-11 17:00:00,"Летняя школа русского языка как иностранного в Санкт-Петербургском государственном университете., практическое занятие","9-я линия В.О., д. 2/11, лит. А, 308"
27,2023-08-09 10:00:00,2023-08-09 12:00:00,"Учебная практика (ознакомительная). Полевая этнографическая, сам. работа в присутствии преподавателя","<по месту проведения практики>,<по месту проведения практики>"
896,2023-08-14 09:00:00,2023-08-14 10:30:00,"Русский язык как иностранный A2-3, практическое занятие","9-я линия В.О., д. 2/11, лит. А, 221"
897,2023-08-14 10:40:00,2023-08-14 12:10:00,"Русский язык как иностранный A2-3, практическое занятие","9-я линия В.О., д. 2/11, лит. А, 221"
898,2023-08-18 09:00:00,2023-08-18 10:30:00,"Русский язык как иностранный A2-3, практическое занятие","9-я линия В.О., д. 2/11, лит. А, 221"
899,2023-08-18 10:40:00,2023-08-18 12:10:00,"Русский язык как иностранный A2-3, практическое занятие","9-я линия В.О., д. 2/11, лит. А, 221"
900,2023-08-21 09:00:00,2023-08-21 10:30:00,"Русский язык как иностранный A2-3, практическое занятие","9-я линия В.О., д. 2/11, лит. А, 221"
901,2023-08-21 10:40:00,2023-08-21 12:10:00,"Русский язык как иностранный A2-3, практическое занятие","9-я линия В.О., д. 2/11, лит. А, 221"
902,2023-08-25 09:00:00,2023-08-25 10:30:00,"Русский язык как иностранный A2-3, практическое занятие","9-я линия В.О., д. 2/11, лит. А, 221"
610,2023-08-10 13:30:00,2023-08-10 15:00:00,"Летняя школа русского языка как иностранного в Санкт-Петербургском государственном университете., практическое занятие","9-я линия В.О., д. 2/11, лит. А, 316"
611,2023-08-11 15:30:00,2023-08-11 17:00:00,"Летняя школа русского языка как иностранного в Санкт-Петербургском государственном университете., практическое занятие","9-я линия В.О., д. 2/11, лит. А, 316"
612,2023-08-14 13:30:00,2023-08-14 15:00:00,"Летняя школа русского языка как иностранного в Санкт-Петербургском государственном университете., практическое занятие","9-я линия В.О., д. 2/11, лит. А, 316"
613,2023-08-15 13:30:00,2023-08-15 15:00:00,"Летняя школа русского языка как иностранного в Санкт-Петербургском государственном университете., практическое занятие","9-я линия В.О., д. 2/11, лит. А, 316"
903,2023-08-25 10:40:00,2023-08-25 12:10:00,"Русский язык как иностранный A2-3, практическое занятие","9-я линия В.О., д. 2/11, лит. А, 221"
904,2023-08-28 09:00:00,2023-08-28 10:30:00,"Русский язык как иностранный A2-3, практическое занятие","9-я линия В.О., д. 2/11, лит. А, 221"
905,2023-08-28 10:40:00,2023-08-28 12:10:00,"Русский язык как иностранный A2-3, практическое занятие","9-я линия В.О., д. 2/11, лит. А, 221"
1124,2023-08-16 09:00:00,2023-08-16 10:30:00,"Русский язык как иностранный A2-2, практическое занятие","9-я линия В.О., д. 2/11, лит. А, 215"
1125,2023-08-16 10:40:00,2023-08-16 12:10:00,"Русский язык как иностранный A2-2, практическое занятие","9-я линия В.О., д. 2/11, лит. А, 215"
1126,2023-08-16 12:25:00,2023-08-16 13:40:00,"Летняя школа русского языка как иностранного в Санкт-Петербургском государственном университете., практическое занятие","9-я линия В.О., д. 2/11, лит. А, 316"
1127,2023-08-16 13:50:00,2023-08-16 14:50:00,"Летняя школа русского языка как иностранного в Санкт-Петербургском государственном университете., практическое занятие","9-я линия В.О., д. 2/11, лит. А, 316"
1128,2023-08-16 15:30:00,2023-08-16 17:00:00,"Летняя школа русского языка как иностранного в Санкт-Петербургском государственном университете., практическое занятие","9-я линия В.О., д. 2/11, лит. А, 316"
1129,2023-08-18 12:20:00,2023-08-18 13:50:00,"Русский язык как иностранный A2-2, практическое занятие","9-я линия В.О., д. 2/11, лит. А, 215"
1130,2023-08-18 14:00:00,2023-08-18 15:30:00,"Русский язык как иностранный A2-2, практическое занятие","9-я линия В.О., д. 2/11, лит. А, 215"
1131,2023-08-21 12:20:00,2023-08-21 13:50:00,"Русский язык как иностранный A2-2, практическое занятие","9-я линия В.О., д. 2/11, лит. А, 215"
1132,2023-08-21 14:00:00,2023-08-21 15:30:00,"Русский язык как иностранный A2-2, практическое занятие","9-я линия В.О., д. 2/11, лит. А, 215"
1133,2023-08-23 09:00:00,2023-08-23 10:30:00,"Русский язык как иностранный A2-2, практическое занятие","9-я линия В.О., д. 2/11, лит. А, 215"
1134,2023-08-23 10:40:00,2023-08-23 12:10:00,"Русский язык как иностранный A2-2, практическое занятие","9-я линия В.О., д. 2/11, лит. А, 215"
1135,2023-08-25 12:20:00,2023-08-25 13:50:00,"Русский язык как иностранный A2-2, практическое занятие","9-я линия В.О., д. 2/11, лит. А, 215"
1136,2023-08-25 14:00:00,2023-08-25 15:30:00,"Русский язык как иностранный A2-2, практическое занятие","9-я линия В.О., д. 2/11, лит. А, 215"
1137,2023-08-28 12:20:00,2023-08-28 13:50:00,"Русский язык как иностранный A2-2, практическое занятие","9-я линия В.О., д. 2/11, лит. А, 215"
1138,2023-08-28 14:00:00,2023-08-28 15:30:00,"Русский язык как иностранный A2-2, практическое занятие","9-я линия В.О., д. 2/11, лит. А, 215"
1139,2023-08-30 09:00:00,2023-08-30 10:30:00,"Русский язык как иностранный A2-2, практическое занятие","9-я линия В.О., д. 2/11, лит. А, 215"
1140,2023-08-30 10:40:00,2023-08-30 12:10:00,"Русский язык как иностранный A2-2, практическое занятие","9-я линия В.О., д. 2/11, лит. А, 215"
1145,2023-08-10 10:00:00,2023-08-10 11:30:00,"Электив. Учебная практика (ознакомительная). Археологическая, сам. работа в присутствии преподавателя","<по месту проведения практики>,<по месту проведения практики>"
1149,2023-08-11 10:00:00,2023-08-11 11:30:00,"Электив. Учебная практика (ознакомительная). Археологическая, сам. работа в присутствии преподавателя","<по месту проведения практики>,<по месту проведения практики>"
1153,2023-08-12 10:00:00,2023-08-12 11:30:00,"Электив. Учебная практика (ознакомительная). Археологическая, сам. работа в присутствии преподавателя","<по месту проведения практики>,<по месту проведения практики>"
1157,2023-08-14 10:00:00,2023-08-14 11:30:00,"Электив. Учебная практика (ознакомительная). Археологическая, сам. работа в присутствии преподавателя","<по месту проведения практики>,<по месту проведения практики>"
59,2023-08-09 09:25:00,2023-08-09 10:40:00,"Летняя школа русского языка как иностранного в Санкт-Петербургском государственном университете., практическое занятие","9-я линия В.О., д. 2/11, лит. А, 413"
1179,2023-08-10 09:00:00,2023-08-10 10:30:00,"Русский язык как иностранный B1-2, практическое занятие","9-я линия В.О., д. 2/11, лит. А, 313"
1180,2023-08-10 10:40:00,2023-08-10 12:10:00,"Русский язык как иностранный B1-2, практическое занятие","9-я линия В.О., д. 2/11, лит. А, 313"
1181,2023-08-11 09:00:00,2023-08-11 10:30:00,"Русский язык как иностранный B1-2, практическое занятие","9-я линия В.О., д. 2/11, лит. А, 313"
60,2023-08-09 10:50:00,2023-08-09 11:50:00,"Летняя школа русского языка как иностранного в Санкт-Петербургском государственном университете., практическое занятие","9-я линия В.О., д. 2/11, лит. А, 413"
61,2023-08-09 13:30:00,2023-08-09 15:00:00,"Летняя школа русского языка как иностранного в Санкт-Петербургском государственном университете., практическое занятие","9-я линия В.О., д. 2/11, лит. А, 413"
615,2023-08-10 09:00:00,2023-08-10 10:30:00,"Русский язык как иностранный A2-3, практическое занятие","9-я линия В.О., д. 2/11, лит. А, 221"
616,2023-08-10 10:40:00,2023-08-10 12:10:00,"Русский язык как иностранный A2-3, практическое занятие","9-я линия В.О., д. 2/11, лит. А, 221"
617,2023-08-10 15:00:00,2023-08-10 16:30:00,"Летняя школа русского языка как иностранного в Санкт-Петербургском государственном университете., практическое занятие","9-я линия В.О., д. 2/11, лит. А, 406"
618,2023-08-11 09:00:00,2023-08-11 10:30:00,"Русский язык как иностранный B1-1, практическое занятие","9-я линия В.О., д. 2/11, лит. А, 211"
619,2023-08-11 10:40:00,2023-08-11 12:10:00,"Русский язык как иностранный B1-1, практическое занятие","9-я линия В.О., д. 2/11, лит. А, 211"
620,2023-08-11 12:20:00,2023-08-11 13:50:00,"Летняя школа русского языка как иностранного в Санкт-Петербургском государственном университете., практическое занятие","9-я линия В.О., д. 2/11, лит. А, 406"
621,2023-08-17 09:00:00,2023-08-17 10:30:00,"Русский язык как иностранный A2-3, практическое занятие","9-я линия В.О., д. 2/11, лит. А, 221"
622,2023-08-17 10:40:00,2023-08-17 12:10:00,"Русский язык как иностранный A2-3, практическое занятие","9-я линия В.О., д. 2/11, лит. А, 221"
693,2023-08-15 09:00:00,2023-08-15 10:30:00,"Русский язык как иностранный A2-3, практическое занятие","9-я линия В.О., д. 2/11, лит. А, 221"
694,2023-08-15 10:40:00,2023-08-15 12:10:00,"Русский язык как иностранный A2-3, практическое занятие","9-я линия В.О., д. 2/11, лит. А, 221"
695,2023-08-16 09:00:00,2023-08-16 10:30:00,"Русский язык как иностранный A2-3, практическое занятие","9-я линия В.О., д. 2/11, лит. А, 221"
696,2023-08-16 10:40:00,2023-08-16 12:10:00,"Русский язык как иностранный A2-3, практическое занятие","9-я линия В.О., д. 2/11, лит. А, 221"
697,2023-08-22 09:00:00,2023-08-22 10:30:00,"Русский язык как иностранный A2-3, практическое занятие","9-я линия В.О., д. 2/11, лит. А, 221"
698,2023-08-22 10:40:00,2023-08-22 12:10:00,"Русский язык как иностранный A2-3, практическое занятие","9-я линия В.О., д. 2/11, лит. А, 221"
699,2023-08-23 09:00:00,2023-08-23 10:30:00,"Русский язык как иностранный A2-3, практическое занятие","9-я линия В.О., д. 2/11, лит. А, 221"
700,2023-08-23 10:40:00,2023-08-23 12:10:00,"Русский язык как иностранный A2-3, практическое занятие","9-я линия В.О., д. 2/11, лит. А, 221"
701,2023-08-29 09:00:00,2023-08-29 10:30:00,"Русский язык как иностранный A2-3, практическое занятие","9-я линия В.О., д. 2/11, лит. А, 221"
702,2023-08-29 10:40:00,2023-08-29 12:10:00,"Русский язык как иностранный A2-3, практическое занятие","9-я линия В.О., д. 2/11, лит. А, 221"
703,2023-08-30 09:00:00,2023-08-30 10:30:00,"Русский язык как иностранный A2-3, практическое занятие","9-я линия В.О., д. 2/11, лит. А, 221"
704,2023-08-30 10:40:00,2023-08-30 12:10:00,"Русский язык как иностранный A2-3, практическое занятие","9-я линия В.О., д. 2/11, лит. А, 221"
927,2023-08-10 10:00:00,2023-08-10 11:30:00,"Учебная практика (ознакомительная). Музейно-археологическая, сам. работа в присутствии преподавателя","0, д. 0, по местам проведения"
928,2023-08-11 10:00:00,2023-08-11 11:30:00,"Учебная практика (ознакомительная). Музейно-археологическая, сам. работа в присутствии преподавателя","0, д. 0, по местам проведения"
929,2023-08-14 10:00:00,2023-08-14 11:30:00,"Учебная практика (ознакомительная). Музейно-археологическая, сам. работа в присутствии преподавателя","0, д. 0, по местам проведения"
930,2023-08-15 10:00:00,2023-08-15 11:30:00,"Учебная практика (ознакомительная). Музейно-археологическая, сам. работа в присутствии преподавателя","0, д. 0, по местам проведения"
931,2023-08-16 10:00:00,2023-08-16 11:30:00,"Учебная практика (ознакомительная). Музейно-археологическая, сам. работа в присутствии преподавателя","0, д. 0, по местам проведения"
932,2023-08-17 10:00:00,2023-08-17 11:30:00,"Учебная практика (ознакомительная). Музейно-археологическая, сам. работа в присутствии преподавателя","0, д. 0, по местам проведения"
933,2023-08-18 10:00:00,2023-08-18 11:30:00,"Учебная практика (ознакомительная). Музейно-археологическая, сам. работа в присутствии преподавателя","0, д. 0, по местам проведения"
934,2023-08-21 10:00:00,2023-08-21 11:30:00,"Учебная практика (ознакомительная). Музейно-археологическая, сам. работа в присутствии преподавателя","0, д. 0, по местам проведения"
935,2023-08-22 10:00:00,2023-08-22 11:30:00,"Учебная практика (ознакомительная). Музейно-археологическая, сам. работа в присутствии преподавателя","0, д. 0, по местам проведения"
936,2023-08-23 10:00:00,2023-08-23 11:30:00,"Учебная практика (ознакомительная). Музейно-археологическая, сам. работа в присутствии преподавателя","0, д. 0, по местам проведения"
1182,2023-08-11 10:40:00,2023-08-11 12:10:00,"Русский язык как иностранный B1-2, практическое занятие","9-я линия В.О., д. 2/11, лит. А, 313"
623,2023-09-05 10:00:00,2023-09-05 12:00:00,Собрание ординаторов 1 года (Стоматология),"Менделеевская линия, д. 5, лит. А, 45"
627,2023-08-10 09:00:00,2023-08-10 10:30:00,"Русский язык как иностранный B1-3, практическое занятие","9-я линия В.О., д. 2/11, лит. А, 407"
628,2023-08-10 10:40:00,2023-08-10 12:10:00,"Русский язык как иностранный B1-3, практическое занятие","9-я линия В.О., д. 2/11, лит. А, 407"
629,2023-08-10 12:25:00,2023-08-10 13:40:00,"Летняя школа русского языка как иностранного в Санкт-Петербургском государственном университете., практическое занятие","9-я линия В.О., д. 2/11, лит. А, 413"
630,2023-08-10 13:50:00,2023-08-10 14:50:00,"Летняя школа русского языка как иностранного в Санкт-Петербургском государственном университете., практическое занятие","9-я линия В.О., д. 2/11, лит. А, 413"
631,2023-08-10 15:30:00,2023-08-10 17:00:00,"Летняя школа русского языка как иностранного в Санкт-Петербургском государственном университете., практическое занятие","9-я линия В.О., д. 2/11, лит. А, 413"
632,2023-08-11 09:25:00,2023-08-11 10:40:00,"Летняя школа русского языка как иностранного в Санкт-Петербургском государственном университете., практическое занятие","9-я линия В.О., д. 2/11, лит. А, 413"
633,2023-08-11 10:50:00,2023-08-11 11:50:00,"Летняя школа русского языка как иностранного в Санкт-Петербургском государственном университете., практическое занятие","9-я линия В.О., д. 2/11, лит. А, 413"
634,2023-08-11 13:30:00,2023-08-11 15:00:00,"Летняя школа русского языка как иностранного в Санкт-Петербургском государственном университете., практическое занятие","9-я линия В.О., д. 2/11, лит. А, 413"
635,2023-08-14 09:25:00,2023-08-14 10:40:00,"Летняя школа русского языка как иностранного в Санкт-Петербургском государственном университете., практическое занятие","9-я линия В.О., д. 2/11, лит. А, 413"
636,2023-08-14 10:50:00,2023-08-14 11:50:00,"Летняя школа русского языка как иностранного в Санкт-Петербургском государственном университете., практическое занятие","9-я линия В.О., д. 2/11, лит. А, 413"
637,2023-08-14 13:30:00,2023-08-14 15:00:00,"Летняя школа русского языка как иностранного в Санкт-Петербургском государственном университете., практическое занятие","9-я линия В.О., д. 2/11, лит. А, 413"
638,2023-08-15 09:00:00,2023-08-15 10:30:00,"Русский язык как иностранный B1-3, практическое занятие","9-я линия В.О., д. 2/11, лит. А, 407"
639,2023-08-15 10:40:00,2023-08-15 12:10:00,"Русский язык как иностранный B1-3, практическое занятие","9-я линия В.О., д. 2/11, лит. А, 407"
640,2023-08-15 12:25:00,2023-08-15 13:40:00,"Летняя школа русского языка как иностранного в Санкт-Петербургском государственном университете., практическое занятие","9-я линия В.О., д. 2/11, лит. А, 413"
641,2023-08-15 13:50:00,2023-08-15 14:50:00,"Летняя школа русского языка как иностранного в Санкт-Петербургском государственном университете., практическое занятие","9-я линия В.О., д. 2/11, лит. А, 413"
642,2023-08-15 15:30:00,2023-08-15 17:00:00,"Летняя школа русского языка как иностранного в Санкт-Петербургском государственном университете., практическое занятие","9-я линия В.О., д. 2/11, лит. А, 413"
123,2023-08-09 09:00:00,2023-08-09 10:30:00,"Русский язык как иностранный B1-1, практическое занятие","9-я линия В.О., д. 2/11, лит. А, 211"
124,2023-08-09 10:40:00,2023-08-09 12:10:00,"Русский язык как иностранный B1-1, практическое занятие","9-я линия В.О., д. 2/11, лит. А, 211"
125,2023-08-09 12:20:00,2023-08-09 13:50:00,"Русский язык как иностранный B1-1, практическое занятие","9-я линия В.О., д. 2/11, лит. А, 402"
126,2023-08-09 14:00:00,2023-08-09 15:30:00,"Русский язык как иностранный B1-1, практическое занятие","9-я линия В.О., д. 2/11, лит. А, 402"
643,2023-08-16 09:25:00,2023-08-16 10:40:00,"Летняя школа русского языка как иностранного в Санкт-Петербургском государственном университете., практическое занятие","9-я линия В.О., д. 2/11, лит. А, 413"
644,2023-08-16 10:50:00,2023-08-16 11:50:00,"Летняя школа русского языка как иностранного в Санкт-Петербургском государственном университете., практическое занятие","9-я линия В.О., д. 2/11, лит. А, 413"
645,2023-08-16 13:30:00,2023-08-16 15:00:00,"Летняя школа русского языка как иностранного в Санкт-Петербургском государственном университете., практическое занятие","9-я линия В.О., д. 2/11, лит. А, 413"
646,2023-08-17 09:00:00,2023-08-17 10:30:00,"Русский язык как иностранный B1-3, практическое занятие","9-я линия В.О., д. 2/11, лит. А, 407"
647,2023-08-17 10:40:00,2023-08-17 12:10:00,"Русский язык как иностранный B1-3, практическое занятие","9-я линия В.О., д. 2/11, лит. А, 407"
648,2023-08-22 09:00:00,2023-08-22 10:30:00,"Русский язык как иностранный B1-3, практическое занятие","9-я линия В.О., д. 2/11, лит. А, 407"
649,2023-08-22 10:40:00,2023-08-22 12:10:00,"Русский язык как иностранный B1-3, практическое занятие","9-я линия В.О., д. 2/11, лит. А, 407"
650,2023-08-24 09:00:00,2023-08-24 10:30:00,"Русский язык как иностранный B1-3, практическое занятие","9-я линия В.О., д. 2/11, лит. А, 407"
651,2023-08-24 10:40:00,2023-08-24 12:10:00,"Русский язык как иностранный B1-3, практическое занятие","9-я линия В.О., д. 2/11, лит. А, 407"
109,2023-08-09 09:00:00,2023-08-09 10:30:00,"Русский язык как иностранный A2-3, практическое занятие","9-я линия В.О., д. 2/11, лит. А, 221"
110,2023-08-09 10:40:00,2023-08-09 12:10:00,"Русский язык как иностранный A2-3, практическое занятие","9-я линия В.О., д. 2/11, лит. А, 221"
652,2023-08-29 09:00:00,2023-08-29 10:30:00,"Русский язык как иностранный B1-3, практическое занятие","9-я линия В.О., д. 2/11, лит. А, 407"
653,2023-08-29 10:40:00,2023-08-29 12:10:00,"Русский язык как иностранный B1-3, практическое занятие","9-я линия В.О., д. 2/11, лит. А, 407"
654,2023-08-31 09:00:00,2023-08-31 10:30:00,"Русский язык как иностранный B1-3, практическое занятие","9-я линия В.О., д. 2/11, лит. А, 407"
655,2023-08-31 10:40:00,2023-08-31 12:10:00,"Русский язык как иностранный B1-3, практическое занятие","9-я линия В.О., д. 2/11, лит. А, 407"
937,2023-08-24 10:00:00,2023-08-24 11:30:00,"Учебная практика (ознакомительная). Музейно-археологическая, сам. работа в присутствии преподавателя","0, д. 0, по местам проведения"
1183,2023-08-16 09:00:00,2023-08-16 10:30:00,"Русский язык как иностранный B1-2, практическое занятие","9-я линия В.О., д. 2/11, лит. А, 313"
1184,2023-08-16 10:40:00,2023-08-16 12:10:00,"Русский язык как иностранный B1-2, практическое занятие","9-я линия В.О., д. 2/11, лит. А, 314"
1185,2023-08-17 09:00:00,2023-08-17 10:30:00,"Русский язык как иностранный B1-2, практическое занятие","9-я линия В.О., д. 2/11, лит. А, 313"
1186,2023-08-17 10:40:00,2023-08-17 12:10:00,"Русский язык как иностранный B1-2, практическое занятие","9-я линия В.О., д. 2/11, лит. А, 313"
1187,2023-08-18 09:00:00,2023-08-18 10:30:00,"Русский язык как иностранный B1-2, практическое занятие","9-я линия В.О., д. 2/11, лит. А, 313"
1188,2023-08-18 10:40:00,2023-08-18 12:10:00,"Русский язык как иностранный B1-2, практическое занятие","9-я линия В.О., д. 2/11, лит. А, 313"
1189,2023-08-28 09:30:00,2023-08-28 17:00:00,"Организационное поведение и управление человеческими ресурсами, лекция","Волховский переулок, д. 3, лит. А,403"
1190,2023-08-29 09:30:00,2023-08-29 17:00:00,"Организационное поведение и управление человеческими ресурсами, лекция","Волховский переулок, д. 3, лит. А,403"
1191,2023-08-30 09:30:00,2023-08-30 12:45:00,"Организационное поведение и управление человеческими ресурсами, лекция","Волховский переулок, д. 3, лит. А,403"
1192,2023-09-01 13:45:00,2023-09-01 15:15:00,"Итоговый групповой аттестационный проект, консультация групповая","Волховский переулок, д. 3, лит. А,403"
657,2023-08-10 10:00:00,2023-08-10 12:00:00,"Учебная практика (ознакомительная). Полевая этнографическая, сам. работа в присутствии преподавателя","<по месту проведения практики>,<по месту проведения практики>"
658,2023-08-11 10:00:00,2023-08-11 12:00:00,"Учебная практика (ознакомительная). Полевая этнографическая, сам. работа в присутствии преподавателя","<по месту проведения практики>,<по месту проведения практики>"
659,2023-08-12 10:00:00,2023-08-12 12:00:00,"Учебная практика (ознакомительная). Полевая этнографическая, сам. работа в присутствии преподавателя","<по месту проведения практики>,<по месту проведения практики>"
660,2023-08-14 10:00:00,2023-08-14 12:00:00,"Учебная практика (ознакомительная). Полевая этнографическая, сам. работа в присутствии преподавателя","<по месту проведения практики>,<по месту проведения практики>"
661,2023-08-15 10:00:00,2023-08-15 11:30:00,"Учебная практика (ознакомительная). Полевая этнографическая, сам. работа в присутствии преподавателя","<по месту проведения практики>,<по месту проведения практики>"
662,2023-08-16 10:00:00,2023-08-16 11:30:00,"Учебная практика (ознакомительная). Полевая этнографическая, сам. работа в присутствии преподавателя","<по месту проведения практики>,<по месту проведения практики>"
663,2023-08-17 10:00:00,2023-08-17 11:30:00,"Учебная практика (ознакомительная). Полевая этнографическая, сам. работа в присутствии преподавателя","<по месту проведения практики>,<по месту проведения практики>"
664,2023-08-18 10:00:00,2023-08-18 11:30:00,"Учебная практика (ознакомительная). Полевая этнографическая, сам. работа в присутствии преподавателя","<по месту проведения практики>,<по месту проведения практики>"
665,2023-08-19 10:00:00,2023-08-19 11:30:00,"Учебная практика (ознакомительная). Полевая этнографическая, сам. работа в присутствии преподавателя","<по месту проведения практики>,<по месту проведения практики>"
666,2023-08-21 10:00:00,2023-08-21 11:30:00,"Учебная практика (ознакомительная). Полевая этнографическая, сам. работа в присутствии преподавателя","<по месту проведения практики>,<по месту проведения практики>"
667,2023-08-22 10:00:00,2023-08-22 11:30:00,"Учебная практика (ознакомительная). Полевая этнографическая, сам. работа в присутствии преподавателя","<по месту проведения практики>,<по месту проведения практики>"
668,2023-08-23 10:00:00,2023-08-23 11:30:00,"Учебная практика (ознакомительная). Полевая этнографическая, сам. работа в присутствии преподавателя","<по месту проведения практики>,<по месту проведения практики>"
669,2023-08-24 10:00:00,2023-08-24 11:30:00,"Учебная практика (ознакомительная). Полевая этнографическая, сам. работа в присутствии преподавателя","<по месту проведения практики>,<по месту проведения практики>"
670,2023-08-25 10:00:00,2023-08-25 11:30:00,"Учебная практика (ознакомительная). Полевая этнографическая, сам. работа в присутствии преподавателя","<по месту проведения практики>,<по месту проведения практики>"
671,2023-08-26 10:00:00,2023-08-26 11:30:00,"Учебная практика (ознакомительная). Полевая этнографическая, сам. работа в присутствии преподавателя","<по месту проведения практики>,<по месту проведения практики>"
672,2023-08-28 10:00:00,2023-08-28 11:30:00,"Учебная практика (ознакомительная). Полевая этнографическая, сам. работа в присутствии преподавателя","<по месту проведения практики>,<по месту проведения практики>"
673,2023-08-10 09:00:00,2023-08-10 10:30:00,"Русский язык как иностранный A1-3, практическое занятие","9-я линия В.О., д. 2/11, лит. А, 401"
674,2023-08-10 10:40:00,2023-08-10 12:10:00,"Русский язык как иностранный A1-3, практическое занятие","9-я линия В.О., д. 2/11, лит. А, 401"
675,2023-08-14 09:00:00,2023-08-14 10:30:00,"Русский язык как иностранный A1-3, практическое занятие","9-я линия В.О., д. 2/11, лит. А, 401"
676,2023-08-14 10:40:00,2023-08-14 12:10:00,"Русский язык как иностранный A1-3, практическое занятие","9-я линия В.О., д. 2/11, лит. А, 401"
677,2023-08-17 09:00:00,2023-08-17 10:30:00,"Русский язык как иностранный A1-3, практическое занятие","9-я линия В.О., д. 2/11, лит. А, 401"
678,2023-08-17 10:40:00,2023-08-17 12:10:00,"Русский язык как иностранный A1-3, практическое занятие","9-я линия В.О., д. 2/11, лит. А, 401"
679,2023-08-21 09:00:00,2023-08-21 10:30:00,"Русский язык как иностранный A1-3, практическое занятие","9-я линия В.О., д. 2/11, лит. А, 401"
680,2023-08-21 10:40:00,2023-08-21 12:10:00,"Русский язык как иностранный A1-3, практическое занятие","9-я линия В.О., д. 2/11, лит. А, 401"
681,2023-08-24 09:00:00,2023-08-24 10:30:00,"Русский язык как иностранный A1-3, практическое занятие","9-я линия В.О., д. 2/11, лит. А, 401"
682,2023-08-24 10:40:00,2023-08-24 12:10:00,"Русский язык как иностранный A1-3, практическое занятие","9-я линия В.О., д. 2/11, лит. А, 401"
683,2023-08-28 09:00:00,2023-08-28 10:30:00,"Русский язык как иностранный A1-3, практическое занятие","9-я линия В.О., д. 2/11, лит. А, 401"
684,2023-08-28 10:40:00,2023-08-28 12:10:00,"Русский язык как иностранный A1-3, практическое занятие","9-я линия В.О., д. 2/11, лит. А, 401"
685,2023-08-31 09:00:00,2023-08-31 10:30:00,"Русский язык как иностранный A1-3, практическое занятие","9-я линия В.О., д. 2/11, лит. А, 401"
145,2023-08-09 12:20:00,2023-08-09 13:50:00,"Русский язык как иностранный A1-3, практическое занятие","9-я линия В.О., д. 2/11, лит. А, 401"
146,2023-08-09 14:00:00,2023-08-09 15:30:00,"Русский язык как иностранный A1-3, практическое занятие","9-я линия В.О., д. 2/11, лит. А, 401"
686,2023-08-31 10:40:00,2023-08-31 12:10:00,"Русский язык как иностранный A1-3, практическое занятие","9-я линия В.О., д. 2/11, лит. А, 401"
945,2023-08-21 09:00:00,2023-08-21 10:30:00,"Русский язык как иностранный B1-3, практическое занятие","9-я линия В.О., д. 2/11, лит. А, 407"
946,2023-08-21 10:40:00,2023-08-21 12:10:00,"Русский язык как иностранный B1-3, практическое занятие","9-я линия В.О., д. 2/11, лит. А, 407"
947,2023-08-23 09:00:00,2023-08-23 10:30:00,"Русский язык как иностранный B1-3, практическое занятие","9-я линия В.О., д. 2/11, лит. А, 407"
948,2023-08-23 10:40:00,2023-08-23 12:10:00,"Русский язык как иностранный B1-3, практическое занятие","9-я линия В.О., д. 2/11, лит. А, 407"
949,2023-08-28 09:00:00,2023-08-28 10:30:00,"Русский язык как иностранный B1-3, практическое занятие","9-я линия В.О., д. 2/11, лит. А, 407"
950,2023-08-28 10:40:00,2023-08-28 12:10:00,"Русский язык как иностранный B1-3, практическое занятие","9-я линия В.О., д. 2/11, лит. А, 407"
951,2023-08-30 09:00:00,2023-08-30 10:30:00,"Русский язык как иностранный B1-3, практическое занятие","9-я линия В.О., д. 2/11, лит. А, 407"
952,2023-08-30 10:40:00,2023-08-30 12:10:00,"Русский язык как иностранный B1-3, практическое занятие","9-я линия В.О., д. 2/11, лит. А, 407"
687,2023-09-05 19:00:00,2023-09-05 20:30:00,"Основы финансовой грамотности (онлайн-курс), зачёт (пересдача)",С использованием информационно-коммуникационных технологий
953,2023-08-28 10:00:00,2023-08-28 12:15:00,"Перкутанная нефролитотрипсия, семинар","набережная реки Фонтанки, д. 154, лит. А, 447"
954,2023-08-28 13:00:00,2023-08-28 13:45:00,"Перкутанная нефролитотрипсия, лекция","набережная реки Фонтанки, д. 154, лит. Г, 244"
955,2023-08-29 11:00:00,2023-08-29 12:30:00,"Перкутанная нефролитотрипсия, практическое занятие","набережная реки Фонтанки, д. 154, лит. А, 447"
690,2023-08-10 18:45:00,2023-08-10 21:45:00,"Налогообложение юридических и физических лиц, лекция","Смольный проезд, д. 1, лит. Б, пом. 1-Н, 25-Н, 30-Н, 31-Н, 32-Н, Л-15 (подъезд №9),242"
956,2023-08-30 10:00:00,2023-08-30 11:00:00,"ГИА, защита выпускной работы (апелляционная комиссия)","10-я линия В.О., д. 31-33, лит. A,56"
961,2023-08-10 10:00:00,2023-08-10 11:00:00,"Электив. Учебная практика (ознакомительная). Археологическая, сам. работа в присутствии преподавателя","<по месту проведения практики>,<по месту проведения практики>"
962,2023-08-10 10:00:00,2023-08-10 11:30:00,"Учебная практика (научно-исследовательская работа). Археологическая, сам. работа в присутствии преподавателя","<по месту проведения практики>,<по месту проведения практики>"
964,2023-08-10 10:00:00,2023-08-10 11:30:00,"Учебная практика (по получению первичных профессиональных умений и навыков). Археологическая, сам. работа в присутствии преподавателя","<по месту проведения практики>,<по месту проведения практики>"
965,2023-08-11 10:00:00,2023-08-11 11:00:00,"Электив. Учебная практика (ознакомительная). Археологическая, сам. работа в присутствии преподавателя","<по месту проведения практики>,<по месту проведения практики>"
966,2023-08-11 10:00:00,2023-08-11 11:30:00,"Учебная практика (научно-исследовательская работа). Археологическая, сам. работа в присутствии преподавателя","<по месту проведения практики>,<по месту проведения практики>"
968,2023-08-11 10:00:00,2023-08-11 11:30:00,"Учебная практика (по получению первичных профессиональных умений и навыков). Археологическая, сам. работа в присутствии преподавателя","<по месту проведения практики>,<по месту проведения практики>"
969,2023-08-12 10:00:00,2023-08-12 11:00:00,"Электив. Учебная практика (ознакомительная). Археологическая, сам. работа в присутствии преподавателя","<по месту проведения практики>,<по месту проведения практики>"
970,2023-08-12 10:00:00,2023-08-12 11:30:00,"Учебная практика (научно-исследовательская работа). Археологическая, сам. работа в присутствии преподавателя","<по месту проведения практики>,<по месту проведения практики>"
972,2023-08-12 10:00:00,2023-08-12 11:30:00,"Учебная практика (по получению первичных профессиональных умений и навыков). Археологическая, сам. работа в присутствии преподавателя","<по месту проведения практики>,<по месту проведения практики>"
973,2023-08-14 10:00:00,2023-08-14 11:00:00,"Электив. Учебная практика (ознакомительная). Археологическая, сам. работа в присутствии преподавателя","<по месту проведения практики>,<по месту проведения практики>"
974,2023-08-14 10:00:00,2023-08-14 11:30:00,"Учебная практика (научно-исследовательская работа). Археологическая, сам. работа в присутствии преподавателя","<по месту проведения практики>,<по месту проведения практики>"
976,2023-08-14 10:00:00,2023-08-14 11:30:00,"Учебная практика (по получению первичных профессиональных умений и навыков). Археологическая, сам. работа в присутствии преподавателя","<по месту проведения практики>,<по месту проведения практики>"
977,2023-08-15 10:00:00,2023-08-15 11:30:00,"Электив. Учебная практика (ознакомительная). Археологическая, сам. работа в присутствии преподавателя","<по месту проведения практики>,<по месту проведения практики>"
978,2023-08-15 10:00:00,2023-08-15 11:30:00,"Учебная практика (научно-исследовательская работа). Археологическая, сам. работа в присутствии преподавателя","<по месту проведения практики>,<по месту проведения практики>"
980,2023-08-15 10:00:00,2023-08-15 11:30:00,"Учебная практика (по получению первичных профессиональных умений и навыков). Археологическая, сам. работа в присутствии преподавателя","<по месту проведения практики>,<по месту проведения практики>"
981,2023-08-16 10:00:00,2023-08-16 11:30:00,"Электив. Учебная практика (ознакомительная). Археологическая, сам. работа в присутствии преподавателя","<по месту проведения практики>,<по месту проведения практики>"
982,2023-08-16 10:00:00,2023-08-16 11:30:00,"Учебная практика (научно-исследовательская работа). Археологическая, сам. работа в присутствии преподавателя","<по месту проведения практики>,<по месту проведения практики>"
984,2023-08-16 10:00:00,2023-08-16 11:30:00,"Учебная практика (по получению первичных профессиональных умений и навыков). Археологическая, сам. работа в присутствии преподавателя","<по месту проведения практики>,<по месту проведения практики>"
985,2023-08-17 10:00:00,2023-08-17 11:30:00,"Электив. Учебная практика (ознакомительная). Археологическая, сам. работа в присутствии преподавателя","<по месту проведения практики>,<по месту проведения практики>"
986,2023-08-17 10:00:00,2023-08-17 11:30:00,"Учебная практика (научно-исследовательская работа). Археологическая, сам. работа в присутствии преподавателя","<по месту проведения практики>,<по месту проведения практики>"
706,2023-08-10 09:00:00,2023-08-10 10:30:00,"Русский язык как иностранный B1-1, практическое занятие","9-я линия В.О., д. 2/11, лит. А, 402"
707,2023-08-10 10:40:00,2023-08-10 12:10:00,"Русский язык как иностранный B1-1, практическое занятие","9-я линия В.О., д. 2/11, лит. А, 402"
708,2023-08-11 09:00:00,2023-08-11 10:30:00,"Русский язык как иностранный B1-1, практическое занятие","9-я линия В.О., д. 2/11, лит. А, 402"
709,2023-08-11 10:40:00,2023-08-11 12:10:00,"Русский язык как иностранный B1-1, практическое занятие","9-я линия В.О., д. 2/11, лит. А, 402"
710,2023-08-17 09:00:00,2023-08-17 10:30:00,"Русский язык как иностранный B1-1, практическое занятие","9-я линия В.О., д. 2/11, лит. А, 402"
711,2023-08-17 10:40:00,2023-08-17 12:10:00,"Русский язык как иностранный B1-1, практическое занятие","9-я линия В.О., д. 2/11, лит. А, 402"
191,2023-08-09 11:45:00,2023-08-09 14:45:00,"Реконструктивная урогинекология, практическое занятие","набережная реки Фонтанки, д. 154, лит. А, 447"
712,2023-08-18 09:00:00,2023-08-18 10:30:00,"Русский язык как иностранный B1-1, практическое занятие","9-я линия В.О., д. 2/11, лит. А, 402"
713,2023-08-18 10:40:00,2023-08-18 12:10:00,"Русский язык как иностранный B1-1, практическое занятие","9-я линия В.О., д. 2/11, лит. А, 402"
714,2023-08-24 09:00:00,2023-08-24 10:30:00,"Русский язык как иностранный B1-1, практическое занятие","9-я линия В.О., д. 2/11, лит. А, 402"
715,2023-08-24 10:40:00,2023-08-24 12:10:00,"Русский язык как иностранный B1-1, практическое занятие","9-я линия В.О., д. 2/11, лит. А, 402"
716,2023-08-25 09:00:00,2023-08-25 10:30:00,"Русский язык как иностранный B1-1, практическое занятие","9-я линия В.О., д. 2/11, лит. А, 402"
717,2023-08-25 10:40:00,2023-08-25 12:10:00,"Русский язык как иностранный B1-1, практическое занятие","9-я линия В.О., д. 2/11, лит. А, 402"
718,2023-08-31 09:00:00,2023-08-31 10:30:00,"Русский язык как иностранный B1-1, практическое занятие","9-я линия В.О., д. 2/11, лит. А, 402"
199,2023-08-09 09:00:00,2023-08-09 10:15:00,"Летняя школа русского языка как иностранного в Санкт-Петербургском государственном университете., практическое занятие","9-я линия В.О., д. 2/11, лит. А, 406"
200,2023-08-09 10:30:00,2023-08-09 11:30:00,"Летняя школа русского языка как иностранного в Санкт-Петербургском государственном университете., практическое занятие","9-я линия В.О., д. 2/11, лит. А, 408"
201,2023-08-09 12:20:00,2023-08-09 13:50:00,"Русский язык как иностранный A2-1, практическое занятие","9-я линия В.О., д. 2/11, лит. А, 407"
202,2023-08-09 14:00:00,2023-08-09 15:30:00,"Русский язык как иностранный A2-1, практическое занятие","9-я линия В.О., д. 2/11, лит. А, 407"
719,2023-08-31 10:40:00,2023-08-31 12:10:00,"Русский язык как иностранный B1-1, практическое занятие","9-я линия В.О., д. 2/11, лит. А, 402"
988,2023-08-17 10:00:00,2023-08-17 11:30:00,"Учебная практика (по получению первичных профессиональных умений и навыков). Археологическая, сам. работа в присутствии преподавателя","<по месту проведения практики>,<по месту проведения практики>"
989,2023-08-18 10:00:00,2023-08-18 11:30:00,"Электив. Учебная практика (ознакомительная). Археологическая, сам. работа в присутствии преподавателя","<по месту проведения практики>,<по месту проведения практики>"
990,2023-08-18 10:00:00,2023-08-18 11:30:00,"Учебная практика (научно-исследовательская работа). Археологическая, сам. работа в присутствии преподавателя","<по месту проведения практики>,<по месту проведения практики>"
992,2023-08-18 10:00:00,2023-08-18 11:30:00,"Учебная практика (по получению первичных профессиональных умений и навыков). Археологическая, сам. работа в присутствии преподавателя","<по месту проведения практики>,<по месту проведения практики>"
993,2023-08-19 10:00:00,2023-08-19 11:30:00,"Электив. Учебная практика (ознакомительная). Археологическая, сам. работа в присутствии преподавателя","<по месту проведения практики>,<по месту проведения практики>"
994,2023-08-19 10:00:00,2023-08-19 11:30:00,"Учебная практика (научно-исследовательская работа). Археологическая, сам. работа в присутствии преподавателя","<по месту проведения практики>,<по месту проведения практики>"
996,2023-08-19 10:00:00,2023-08-19 11:30:00,"Учебная практика (по получению первичных профессиональных умений и навыков). Археологическая, сам. работа в присутствии преподавателя","<по месту проведения практики>,<по месту проведения практики>"
997,2023-08-21 10:00:00,2023-08-21 11:30:00,"Электив. Учебная практика (ознакомительная). Археологическая, сам. работа в присутствии преподавателя","<по месту проведения практики>,<по месту проведения практики>"
998,2023-08-21 10:00:00,2023-08-21 11:30:00,"Учебная практика (научно-исследовательская работа). Археологическая, сам. работа в присутствии преподавателя","<по месту проведения практики>,<по месту проведения практики>"
1000,2023-08-21 10:00:00,2023-08-21 11:30:00,"Учебная практика (по получению первичных профессиональных умений и навыков). Археологическая, сам. работа в присутствии преподавателя","<по месту проведения практики>,<по месту проведения практики>"
720,2023-08-28 14:00:00,2023-08-28 15:30:00,"Перкутанная нефролитотрипсия, лекция","набережная реки Фонтанки, д. 154, лит. Г, 244"
721,2023-08-29 09:00:00,2023-08-29 10:30:00,"Перкутанная нефролитотрипсия, лекция","набережная реки Фонтанки, д. 154, лит. Г, 244"
763,2023-09-04 19:00:00,2023-09-04 20:30:00,"Основы педагогической деятельности (онлайн-курс), зачёт (пересдача)",С использованием информационно-коммуникационных технологий
1001,2023-08-22 10:00:00,2023-08-22 11:30:00,"Электив. Учебная практика (ознакомительная). Археологическая, сам. работа в присутствии преподавателя","<по месту проведения практики>,<по месту проведения практики>"
1002,2023-08-22 10:00:00,2023-08-22 11:30:00,"Учебная практика (научно-исследовательская работа). Археологическая, сам. работа в присутствии преподавателя","<по месту проведения практики>,<по месту проведения практики>"
1004,2023-08-22 10:00:00,2023-08-22 11:30:00,"Учебная практика (по получению первичных профессиональных умений и навыков). Археологическая, сам. работа в присутствии преподавателя","<по месту проведения практики>,<по месту проведения практики>"
1005,2023-08-23 10:00:00,2023-08-23 11:30:00,"Электив. Учебная практика (ознакомительная). Археологическая, сам. работа в присутствии преподавателя","<по месту проведения практики>,<по месту проведения практики>"
1006,2023-08-23 10:00:00,2023-08-23 11:30:00,"Учебная практика (научно-исследовательская работа). Археологическая, сам. работа в присутствии преподавателя","<по месту проведения практики>,<по месту проведения практики>"
1008,2023-08-23 10:00:00,2023-08-23 11:30:00,"Учебная практика (по получению первичных профессиональных умений и навыков). Археологическая, сам. работа в присутствии преподавателя","<по месту проведения практики>,<по месту проведения практики>"
1009,2023-08-24 10:00:00,2023-08-24 11:30:00,"Электив. Учебная практика (ознакомительная). Археологическая, сам. работа в присутствии преподавателя","<по месту проведения практики>,<по месту проведения практики>"
226,2023-08-09 08:00:00,2023-08-09 11:00:00,"Реконструктивная урогинекология, практическое занятие","набережная реки Фонтанки, д. 154, лит. А, 447"
1010,2023-08-24 10:00:00,2023-08-24 11:30:00,"Учебная практика (научно-исследовательская работа). Археологическая, сам. работа в присутствии преподавателя","<по месту проведения практики>,<по месту проведения практики>"
1012,2023-08-24 10:00:00,2023-08-24 11:30:00,"Учебная практика (по получению первичных профессиональных умений и навыков). Археологическая, сам. работа в присутствии преподавателя","<по месту проведения практики>,<по месту проведения практики>"
1013,2023-08-25 10:00:00,2023-08-25 11:30:00,"Электив. Учебная практика (ознакомительная). Археологическая, сам. работа в присутствии преподавателя","<по месту проведения практики>,<по месту проведения практики>"
1014,2023-08-25 10:00:00,2023-08-25 11:30:00,"Учебная практика (научно-исследовательская работа). Археологическая, сам. работа в присутствии преподавателя","<по месту проведения практики>,<по месту проведения практики>"
1016,2023-08-25 10:00:00,2023-08-25 11:30:00,"Учебная практика (по получению первичных профессиональных умений и навыков). Археологическая, сам. работа в присутствии преподавателя","<по месту проведения практики>,<по месту проведения практики>"
1017,2023-08-26 10:00:00,2023-08-26 11:30:00,"Электив. Учебная практика (ознакомительная). Археологическая, сам. работа в присутствии преподавателя","<по месту проведения практики>,<по месту проведения практики>"
1018,2023-08-26 10:00:00,2023-08-26 11:30:00,"Учебная практика (научно-исследовательская работа). Археологическая, сам. работа в присутствии преподавателя","<по месту проведения практики>,<по месту проведения практики>"
1020,2023-08-26 10:00:00,2023-08-26 11:30:00,"Учебная практика (по получению первичных профессиональных умений и навыков). Археологическая, сам. работа в присутствии преподавателя","<по месту проведения практики>,<по месту проведения практики>"
1021,2023-08-28 10:00:00,2023-08-28 11:30:00,"Электив. Учебная практика (ознакомительная). Археологическая, сам. работа в присутствии преподавателя","<по месту проведения практики>,<по месту проведения практики>"
240,2023-08-09 10:00:00,2023-08-09 11:30:00,"Русский язык для иностранных граждан. Уровень А2, практическое занятие",С использованием информационно-коммуникационных технологий
241,2023-08-09 11:45:00,2023-08-09 13:15:00,"Русский язык для иностранных граждан. Уровень А2, практическое занятие",С использованием информационно-коммуникационных технологий
242,2023-08-09 13:30:00,2023-08-09 15:00:00,"Русский язык для иностранных граждан. Уровень А2, практическое занятие",С использованием информационно-коммуникационных технологий
722,2023-08-10 13:30:00,2023-08-10 15:00:00,"Летняя школа русского языка как иностранного в Санкт-Петербургском государственном университете., практическое занятие","9-я линия В.О., д. 2/11, лит. А, 314"
723,2023-08-11 13:30:00,2023-08-11 15:00:00,"Летняя школа русского языка как иностранного в Санкт-Петербургском государственном университете., практическое занятие","9-я линия В.О., д. 2/11, лит. А, 314"
724,2023-08-14 13:30:00,2023-08-14 15:00:00,"Летняя школа русского языка как иностранного в Санкт-Петербургском государственном университете., практическое занятие","9-я линия В.О., д. 2/11, лит. А, 314"
725,2023-08-15 12:20:00,2023-08-15 13:50:00,"Летняя школа русского языка как иностранного в Санкт-Петербургском государственном университете., практическое занятие","9-я линия В.О., д. 2/11, лит. А, 314"
726,2023-08-16 14:30:00,2023-08-16 16:00:00,"Летняя школа русского языка как иностранного в Санкт-Петербургском государственном университете., практическое занятие","9-я линия В.О., д. 2/11, лит. А, 314"
727,2023-08-16 16:10:00,2023-08-16 17:40:00,"Летняя школа русского языка как иностранного в Санкт-Петербургском государственном университете., практическое занятие","9-я линия В.О., д. 2/11, лит. А, 314"
773,2023-08-10 10:45:00,2023-08-10 12:00:00,"Летняя школа русского языка как иностранного в Санкт-Петербургском государственном университете., практическое занятие","9-я линия В.О., д. 2/11, лит. А, 406"
774,2023-08-10 12:20:00,2023-08-10 13:20:00,"Летняя школа русского языка как иностранного в Санкт-Петербургском государственном университете., практическое занятие","9-я линия В.О., д. 2/11, лит. А, 408"
775,2023-08-11 09:00:00,2023-08-11 10:15:00,"Летняя школа русского языка как иностранного в Санкт-Петербургском государственном университете., практическое занятие","9-я линия В.О., д. 2/11, лит. А, 406"
776,2023-08-11 10:30:00,2023-08-11 11:30:00,"Летняя школа русского языка как иностранного в Санкт-Петербургском государственном университете., практическое занятие","9-я линия В.О., д. 2/11, лит. А, 408"
777,2023-08-11 12:20:00,2023-08-11 13:50:00,"Русский язык как иностранный A2-1, практическое занятие","9-я линия В.О., д. 2/11, лит. А, 407"
778,2023-08-11 14:00:00,2023-08-11 15:30:00,"Русский язык как иностранный A2-1, практическое занятие","9-я линия В.О., д. 2/11, лит. А, 407"
779,2023-08-15 12:20:00,2023-08-15 13:50:00,"Русский язык как иностранный A2-1, практическое занятие","9-я линия В.О., д. 2/11, лит. А, 407"
780,2023-08-15 14:00:00,2023-08-15 15:30:00,"Русский язык как иностранный A2-1, практическое занятие","9-я линия В.О., д. 2/11, лит. А, 407"
781,2023-08-16 12:20:00,2023-08-16 13:50:00,"Русский язык как иностранный A2-1, практическое занятие","9-я линия В.О., д. 2/11, лит. А, 407"
782,2023-08-16 14:00:00,2023-08-16 15:30:00,"Русский язык как иностранный A2-1, практическое занятие","9-я линия В.О., д. 2/11, лит. А, 407"
783,2023-08-18 12:20:00,2023-08-18 13:50:00,"Русский язык как иностранный A2-1, практическое занятие","9-я линия В.О., д. 2/11, лит. А, 407"
784,2023-08-18 14:00:00,2023-08-18 15:30:00,"Русский язык как иностранный A2-1, практическое занятие","9-я линия В.О., д. 2/11, лит. А, 407"
269,2023-08-09 09:00:00,2023-08-09 10:30:00,"Русский язык как иностранный A2-2, практическое занятие","9-я линия В.О., д. 2/11, лит. А, 215"
270,2023-08-09 10:40:00,2023-08-09 12:10:00,"Русский язык как иностранный A2-2, практическое занятие","9-я линия В.О., д. 2/11, лит. А, 215"
271,2023-08-09 12:25:00,2023-08-09 13:40:00,"Летняя школа русского языка как иностранного в Санкт-Петербургском государственном университете., практическое занятие","9-я линия В.О., д. 2/11, лит. А, 316"
272,2023-08-09 13:50:00,2023-08-09 14:50:00,"Летняя школа русского языка как иностранного в Санкт-Петербургском государственном университете., практическое занятие","9-я линия В.О., д. 2/11, лит. А, 316"
785,2023-08-22 12:20:00,2023-08-22 13:50:00,"Русский язык как иностранный A2-1, практическое занятие","9-я линия В.О., д. 2/11, лит. А, 407"
786,2023-08-22 14:00:00,2023-08-22 15:30:00,"Русский язык как иностранный A2-1, практическое занятие","9-я линия В.О., д. 2/11, лит. А, 407"
787,2023-08-23 12:20:00,2023-08-23 13:50:00,"Русский язык как иностранный A2-1, практическое занятие","9-я линия В.О., д. 2/11, лит. А, 407"
788,2023-08-23 14:00:00,2023-08-23 15:30:00,"Русский язык как иностранный A2-1, практическое занятие","9-я линия В.О., д. 2/11, лит. А, 407"
789,2023-08-25 12:20:00,2023-08-25 13:50:00,"Русский язык как иностранный A2-1, практическое занятие","9-я линия В.О., д. 2/11, лит. А, 407"
790,2023-08-25 14:00:00,2023-08-25 15:30:00,"Русский язык как иностранный A2-1, практическое занятие","9-я линия В.О., д. 2/11, лит. А, 407"
791,2023-08-29 12:20:00,2023-08-29 13:50:00,"Русский язык как иностранный A2-1, практическое занятие","9-я линия В.О., д. 2/11, лит. А, 407"
792,2023-08-29 14:00:00,2023-08-29 15:30:00,"Русский язык как иностранный A2-1, практическое занятие","9-я линия В.О., д. 2/11, лит. А, 407"
793,2023-08-30 12:20:00,2023-08-30 13:50:00,"Русский язык как иностранный A2-1, практическое занятие","9-я линия В.О., д. 2/11, лит. А, 407"
794,2023-08-30 14:00:00,2023-08-30 15:30:00,"Русский язык как иностранный A2-1, практическое занятие","9-я линия В.О., д. 2/11, лит. А, 407"
730,2023-08-10 12:20:00,2023-08-10 13:50:00,"Русский язык как иностранный A2-1, практическое занятие","9-я линия В.О., д. 2/11, лит. А, 401"
731,2023-08-10 14:00:00,2023-08-10 15:30:00,"Русский язык как иностранный A2-1, практическое занятие","9-я линия В.О., д. 2/11, лит. А, 401"
732,2023-08-11 12:20:00,2023-08-11 13:50:00,"Русский язык как иностранный A1-3, практическое занятие","9-я линия В.О., д. 2/11, лит. А, 401"
733,2023-08-11 14:00:00,2023-08-11 15:30:00,"Русский язык как иностранный A1-3, практическое занятие","9-я линия В.О., д. 2/11, лит. А, 401"
734,2023-08-14 12:20:00,2023-08-14 13:50:00,"Русский язык как иностранный A2-1, практическое занятие","9-я линия В.О., д. 2/11, лит. А, 401"
735,2023-08-14 14:00:00,2023-08-14 15:30:00,"Русский язык как иностранный A2-1, практическое занятие","9-я линия В.О., д. 2/11, лит. А, 401"
736,2023-08-15 12:20:00,2023-08-15 13:50:00,"Русский язык как иностранный A1-3, практическое занятие","9-я линия В.О., д. 2/11, лит. А, 401"
737,2023-08-15 14:00:00,2023-08-15 15:30:00,"Русский язык как иностранный A1-3, практическое занятие","9-я линия В.О., д. 2/11, лит. А, 401"
738,2023-08-16 12:20:00,2023-08-16 13:50:00,"Русский язык как иностранный A1-3, практическое занятие","9-я линия В.О., д. 2/11, лит. А, 401"
739,2023-08-16 14:00:00,2023-08-16 15:30:00,"Русский язык как иностранный A1-3, практическое занятие","9-я линия В.О., д. 2/11, лит. А, 401"
740,2023-08-17 12:20:00,2023-08-17 13:50:00,"Русский язык как иностранный A2-1, практическое занятие","9-я линия В.О., д. 2/11, лит. А, 401"
741,2023-08-17 14:00:00,2023-08-17 15:30:00,"Русский язык как иностранный A2-1, практическое занятие","9-я линия В.О., д. 2/11, лит. А, 401"
742,2023-08-18 12:20:00,2023-08-18 13:50:00,"Русский язык как иностранный A1-3, практическое занятие","9-я линия В.О., д. 2/11, лит. А, 401"
743,2023-08-18 14:00:00,2023-08-18 15:30:00,"Русский язык как иностранный A1-3, практическое занятие","9-я линия В.О., д. 2/11, лит. А, 401"
744,2023-08-21 12:20:00,2023-08-21 13:50:00,"Русский язык как иностранный A2-1, практическое занятие","9-я линия В.О., д. 2/11, лит. А, 401"
745,2023-08-21 14:00:00,2023-08-21 15:30:00,"Русский язык как иностранный A2-1, практическое занятие","9-я линия В.О., д. 2/11, лит. А, 401"
746,2023-08-22 12:20:00,2023-08-22 13:50:00,"Русский язык как иностранный A1-3, практическое занятие","9-я линия В.О., д. 2/11, лит. А, 401"
747,2023-08-22 14:00:00,2023-08-22 15:30:00,"Русский язык как иностранный A1-3, практическое занятие","9-я линия В.О., д. 2/11, лит. А, 401"
748,2023-08-23 12:20:00,2023-08-23 13:50:00,"Русский язык как иностранный A1-3, практическое занятие","9-я линия В.О., д. 2/11, лит. А, 401"
749,2023-08-23 14:00:00,2023-08-23 15:30:00,"Русский язык как иностранный A1-3, практическое занятие","9-я линия В.О., д. 2/11, лит. А, 401"
750,2023-08-24 12:20:00,2023-08-24 13:50:00,"Русский язык как иностранный A2-1, практическое занятие","9-я линия В.О., д. 2/11, лит. А, 401"
751,2023-08-24 14:00:00,2023-08-24 15:30:00,"Русский язык как иностранный A2-1, практическое занятие","9-я линия В.О., д. 2/11, лит. А, 401"
752,2023-08-25 12:20:00,2023-08-25 13:50:00,"Русский язык как иностранный A1-3, практическое занятие","9-я линия В.О., д. 2/11, лит. А, 401"
753,2023-08-25 14:00:00,2023-08-25 15:30:00,"Русский язык как иностранный A1-3, практическое занятие","9-я линия В.О., д. 2/11, лит. А, 401"
302,2023-08-09 10:00:00,2023-08-09 11:30:00,"Электив. Учебная практика (ознакомительная). Археологическая, сам. работа в присутствии преподавателя","<по месту проведения практики>,<по месту проведения практики>"
303,2023-08-09 10:00:00,2023-08-09 11:30:00,"Учебная практика (научно-исследовательская работа). Археологическая, сам. работа в присутствии преподавателя","<по месту проведения практики>,<по месту проведения практики>"
305,2023-08-09 10:00:00,2023-08-09 11:30:00,"Учебная практика (по получению первичных профессиональных умений и навыков). Археологическая, сам. работа в присутствии преподавателя","<по месту проведения практики>,<по месту проведения практики>"
754,2023-08-28 12:20:00,2023-08-28 13:50:00,"Русский язык как иностранный A2-1, практическое занятие","9-я линия В.О., д. 2/11, лит. А, 401"
755,2023-08-28 14:00:00,2023-08-28 15:30:00,"Русский язык как иностранный A2-1, практическое занятие","9-я линия В.О., д. 2/11, лит. А, 401"
756,2023-08-29 12:20:00,2023-08-29 13:50:00,"Русский язык как иностранный A1-3, практическое занятие","9-я линия В.О., д. 2/11, лит. А, 401"
757,2023-08-29 14:00:00,2023-08-29 15:30:00,"Русский язык как иностранный A1-3, практическое занятие","9-я линия В.О., д. 2/11, лит. А, 401"
758,2023-08-30 12:20:00,2023-08-30 13:50:00,"Русский язык как иностранный A1-3, практическое занятие","9-я линия В.О., д. 2/11, лит. А, 401"
759,2023-08-30 14:00:00,2023-08-30 15:30:00,"Русский язык как иностранный A1-3, практическое занятие","9-я линия В.О., д. 2/11, лит. А, 401"
760,2023-08-31 12:20:00,2023-08-31 13:50:00,"Русский язык как иностранный A2-1, практическое занятие","9-я линия В.О., д. 2/11, лит. А, 401"
761,2023-08-31 14:00:00,2023-08-31 15:30:00,"Русский язык как иностранный A2-1, практическое занятие","9-я линия В.О., д. 2/11, лит. А, 401"
1022,2023-08-28 10:00:00,2023-08-28 11:30:00,"Учебная практика (научно-исследовательская работа). Археологическая, сам. работа в присутствии преподавателя","<по месту проведения практики>,<по месту проведения практики>"
762,2023-08-29 15:10:00,2023-08-29 18:00:00,Заседание Ученого совета физического факультета,"Ульяновская улица, д. 1, корп. К, лит. А, МКЗ"
1024,2023-08-28 10:00:00,2023-08-28 11:30:00,"Учебная практика (по получению первичных профессиональных умений и навыков). Археологическая, сам. работа в присутствии преподавателя","<по месту проведения практики>,<по месту проведения практики>"
338,2023-08-09 10:00:00,2023-08-09 11:30:00,"Учебная практика (ознакомительная). Музейно-археологическая, сам. работа в присутствии преподавателя","0, д. 0, по местам проведения"
764,2023-08-14 09:00:00,2023-08-14 12:00:00,"Реконструктивная урогинекология, лекция","набережная реки Фонтанки, д. 154, лит. Г, 244"
765,2023-08-17 08:00:00,2023-08-17 09:30:00,"Реконструктивная урогинекология, лекция","набережная реки Фонтанки, д. 154, лит. Г, 244"
766,2023-08-21 09:00:00,2023-08-21 12:00:00,"Реконструктивная урогинекология, лекция","набережная реки Фонтанки, д. 154, лит. Г, 244"
767,2023-08-24 08:00:00,2023-08-24 09:30:00,"Реконструктивная урогинекология, лекция","набережная реки Фонтанки, д. 154, лит. Г, 244"
797,2023-08-10 08:00:00,2023-08-10 09:30:00,"Реконструктивная урогинекология, лекция","набережная реки Фонтанки, д. 154, лит. Г, 244"
798,2023-08-10 11:45:00,2023-08-10 14:45:00,"Реконструктивная урогинекология, семинар","набережная реки Фонтанки, д. 154, лит. А, 447"
799,2023-08-11 09:00:00,2023-08-11 10:30:00,"Реконструктивная урогинекология, лекция","набережная реки Фонтанки, д. 154, лит. Г, 244"
800,2023-08-11 11:00:00,2023-08-11 12:30:00,"Реконструктивная урогинекология, семинар","набережная реки Фонтанки, д. 154, лит. А, 447"
801,2023-08-15 08:00:00,2023-08-15 11:00:00,"Реконструктивная урогинекология, практическое занятие","набережная реки Фонтанки, д. 154, лит. А, 447"
802,2023-08-17 09:45:00,2023-08-17 11:15:00,"Реконструктивная урогинекология, практическое занятие","набережная реки Фонтанки, д. 154, лит. А, 447"
1025,2023-09-04 18:00:00,2023-09-04 19:30:00,"Цифровая культура (ЭО), зачёт (пересдача)",С использованием информационно-коммуникационных технологий
350,2023-08-09 09:00:00,2023-08-09 10:30:00,"Русский язык как иностранный B1-3, практическое занятие","9-я линия В.О., д. 2/11, лит. А, 407"
351,2023-08-09 10:40:00,2023-08-09 12:10:00,"Русский язык как иностранный B1-3, практическое занятие","9-я линия В.О., д. 2/11, лит. А, 407"
1029,2023-09-04 18:00:00,2023-09-04 19:30:00,"Цифровая культура: технологии и безопасность (ЭО), зачёт (пересдача)",С использованием информационно-коммуникационных технологий
1033,2023-08-10 15:00:00,2023-08-10 16:30:00,"Летняя школа русского языка как иностранного в Санкт-Петербургском государственном университете., практическое занятие","9-я линия В.О., д. 2/11, лит. А, 308"
365,2023-08-09 15:00:00,2023-08-09 16:15:00,"Летняя школа русского языка как иностранного в Санкт-Петербургском государственном университете., практическое занятие","9-я линия В.О., д. 2/11, лит. А, 314"
366,2023-08-09 16:25:00,2023-08-09 17:25:00,"Летняя школа русского языка как иностранного в Санкт-Петербургском государственном университете., практическое занятие","9-я линия В.О., д. 2/11, лит. А, 314"
768,2023-08-17 15:40:00,2023-08-17 17:10:00,"Летняя школа русского языка как иностранного в Санкт-Петербургском государственном университете., зачёт","9-я линия В.О., д. 2/11, лит. А, 314"
1045,2023-08-10 15:45:00,2023-08-10 17:00:00,"Летняя школа русского языка как иностранного в Санкт-Петербургском государственном университете., практическое занятие","9-я линия В.О., д. 2/11, лит. А, 314"
1046,2023-08-10 17:10:00,2023-08-10 18:10:00,"Летняя школа русского языка как иностранного в Санкт-Петербургском государственном университете., практическое занятие","9-я линия В.О., д. 2/11, лит. А, 314"
1047,2023-08-11 09:00:00,2023-08-11 10:30:00,"Русский язык как иностранный B1-3, практическое занятие","9-я линия В.О., д. 2/11, лит. А, 407"
1048,2023-08-11 10:40:00,2023-08-11 12:10:00,"Русский язык как иностранный B1-3, практическое занятие","9-я линия В.О., д. 2/11, лит. А, 407"
1049,2023-08-11 15:45:00,2023-08-11 17:00:00,"Летняя школа русского языка как иностранного в Санкт-Петербургском государственном университете., практическое занятие","9-я линия В.О., д. 2/11, лит. А, 314"
1050,2023-08-11 17:10:00,2023-08-11 18:10:00,"Летняя школа русского языка как иностранного в Санкт-Петербургском государственном университете., практическое занятие","9-я линия В.О., д. 2/11, лит. А, 314"
1051,2023-08-14 09:00:00,2023-08-14 10:30:00,"Русский язык как иностранный B1-2, практическое занятие","9-я линия В.О., д. 2/11, лит. А, 313"
1052,2023-08-14 10:40:00,2023-08-14 12:10:00,"Русский язык как иностранный B1-2, практическое занятие","9-я линия В.О., д. 2/11, лит. А, 313"
1053,2023-08-14 15:40:00,2023-08-14 16:55:00,"Летняя школа русского языка как иностранного в Санкт-Петербургском государственном университете., практическое занятие","9-я линия В.О., д. 2/11, лит. А, 314"
1054,2023-08-14 17:05:00,2023-08-14 18:05:00,"Летняя школа русского языка как иностранного в Санкт-Петербургском государственном университете., практическое занятие","9-я линия В.О., д. 2/11, лит. А, 314"
1055,2023-08-15 09:00:00,2023-08-15 10:30:00,"Русский язык как иностранный B1-2, практическое занятие","9-я линия В.О., д. 2/11, лит. А, 313"
1056,2023-08-15 10:40:00,2023-08-15 12:10:00,"Русский язык как иностранный B1-2, практическое занятие","9-я линия В.О., д. 2/11, лит. А, 313"
1057,2023-08-15 12:20:00,2023-08-15 13:50:00,"Русский язык как иностранный B1-1, практическое занятие","9-я линия В.О., д. 2/11, лит. А, 402"
1058,2023-08-15 14:00:00,2023-08-15 15:30:00,"Русский язык как иностранный B1-1, практическое занятие","9-я линия В.О., д. 2/11, лит. А, 402"
1059,2023-08-15 15:00:00,2023-08-15 16:15:00,"Летняя школа русского языка как иностранного в Санкт-Петербургском государственном университете., практическое занятие","9-я линия В.О., д. 2/11, лит. А, 314"
1060,2023-08-15 16:25:00,2023-08-15 17:25:00,"Летняя школа русского языка как иностранного в Санкт-Петербургском государственном университете., практическое занятие","9-я линия В.О., д. 2/11, лит. А, 314"
1061,2023-08-17 15:45:00,2023-08-17 17:00:00,"Летняя школа русского языка как иностранного в Санкт-Петербургском государственном университете., практическое занятие","9-я линия В.О., д. 2/11, лит. А, 314"
1062,2023-08-17 17:10:00,2023-08-17 18:10:00,"Летняя школа русского языка как иностранного в Санкт-Петербургском государственном университете., практическое занятие","9-я линия В.О., д. 2/11, лит. А, 314"
1063,2023-08-18 09:00:00,2023-08-18 10:30:00,"Русский язык как иностранный B1-3, практическое занятие","9-я линия В.О., д. 2/11, лит. А, 407"
1064,2023-08-18 10:40:00,2023-08-18 12:10:00,"Русский язык как иностранный B1-3, практическое занятие","9-я линия В.О., д. 2/11, лит. А, 407"
1065,2023-08-18 12:20:00,2023-08-18 13:50:00,"Русский язык как иностранный A1-1, практическое занятие","9-я линия В.О., д. 2/11, лит. А, 315"
1066,2023-08-18 14:00:00,2023-08-18 15:30:00,"Русский язык как иностранный A1-1, практическое занятие","9-я линия В.О., д. 2/11, лит. А, 315"
1067,2023-08-18 15:40:00,2023-08-18 17:10:00,"Русский язык как иностранный A1-1, практическое занятие","9-я линия В.О., д. 2/11, лит. А, 315"
1068,2023-08-18 17:20:00,2023-08-18 18:50:00,"Русский язык как иностранный A1-1, практическое занятие","9-я линия В.О., д. 2/11, лит. А, 315"
1069,2023-08-21 09:00:00,2023-08-21 10:30:00,"Русский язык как иностранный A1-1, практическое занятие","9-я линия В.О., д. 2/11, лит. А, 315"
1070,2023-08-21 10:40:00,2023-08-21 12:10:00,"Русский язык как иностранный A1-1, практическое занятие","9-я линия В.О., д. 2/11, лит. А, 315"
1071,2023-08-21 12:20:00,2023-08-21 13:50:00,"Русский язык как иностранный A1-1, практическое занятие","9-я линия В.О., д. 2/11, лит. А, 315"
1072,2023-08-21 14:00:00,2023-08-21 15:30:00,"Русский язык как иностранный A1-1, практическое занятие","9-я линия В.О., д. 2/11, лит. А, 315"
1073,2023-08-22 12:20:00,2023-08-22 13:50:00,"Русский язык как иностранный B1-1, практическое занятие","9-я линия В.О., д. 2/11, лит. А, 402"
1074,2023-08-22 14:00:00,2023-08-22 15:30:00,"Русский язык как иностранный B1-1, практическое занятие","9-я линия В.О., д. 2/11, лит. А, 402"
1075,2023-08-23 09:00:00,2023-08-23 10:30:00,"Русский язык как иностранный A1-1, практическое занятие","9-я линия В.О., д. 2/11, лит. А, 315"
1076,2023-08-23 10:40:00,2023-08-23 12:10:00,"Русский язык как иностранный A1-1, практическое занятие","9-я линия В.О., д. 2/11, лит. А, 315"
795,2023-08-23 11:00:00,2023-08-23 12:35:00,"Электив. Производственная практика (практика по получению профессиональных умений и опыта профессиональной деятельности). Геофизическая практика I, зачёт","<по месту проведения практики>,<по месту проведения практики>"
1077,2023-08-25 09:00:00,2023-08-25 10:30:00,"Русский язык как иностранный B1-3, практическое занятие","9-я линия В.О., д. 2/11, лит. А, 407"
1078,2023-08-25 10:40:00,2023-08-25 12:10:00,"Русский язык как иностранный B1-3, практическое занятие","9-я линия В.О., д. 2/11, лит. А, 407"
1079,2023-08-25 12:20:00,2023-08-25 13:50:00,"Русский язык как иностранный A1-1, практическое занятие","9-я линия В.О., д. 2/11, лит. А, 315"
1080,2023-08-25 14:00:00,2023-08-25 15:30:00,"Русский язык как иностранный A1-1, практическое занятие","9-я линия В.О., д. 2/11, лит. А, 315"
1081,2023-08-25 15:40:00,2023-08-25 17:10:00,"Русский язык как иностранный A1-1, практическое занятие","9-я линия В.О., д. 2/11, лит. А, 315"
1082,2023-08-25 17:20:00,2023-08-25 18:50:00,"Русский язык как иностранный A1-1, практическое занятие","9-я линия В.О., д. 2/11, лит. А, 315"
1083,2023-08-28 09:00:00,2023-08-28 10:30:00,"Русский язык как иностранный A1-1, практическое занятие","9-я линия В.О., д. 2/11, лит. А, 315"
1084,2023-08-28 10:40:00,2023-08-28 12:10:00,"Русский язык как иностранный A1-1, практическое занятие","9-я линия В.О., д. 2/11, лит. А, 315"
1085,2023-08-28 12:20:00,2023-08-28 13:50:00,"Русский язык как иностранный A1-1, практическое занятие","9-я линия В.О., д. 2/11, лит. А, 315"
415,2023-08-09 09:00:00,2023-08-09 10:30:00,"Русский язык как иностранный A1-1, практическое занятие","9-я линия В.О., д. 2/11, лит. А, 315"
416,2023-08-09 10:40:00,2023-08-09 12:10:00,"Русский язык как иностранный A1-1, практическое занятие","9-я линия В.О., д. 2/11, лит. А, 315"
1086,2023-08-28 14:00:00,2023-08-28 15:30:00,"Русский язык как иностранный A1-1, практическое занятие","9-я линия В.О., д. 2/11, лит. А, 315"
1087,2023-08-29 12:20:00,2023-08-29 13:50:00,"Русский язык как иностранный B1-1, практическое занятие","9-я линия В.О., д. 2/11, лит. А, 402"
1088,2023-08-29 14:00:00,2023-08-29 15:30:00,"Русский язык как иностранный B1-1, практическое занятие","9-я линия В.О., д. 2/11, лит. А, 402"
1089,2023-08-30 09:00:00,2023-08-30 10:30:00,"Русский язык как иностранный A1-1, практическое занятие","9-я линия В.О., д. 2/11, лит. А, 315"
1090,2023-08-30 10:40:00,2023-08-30 12:10:00,"Русский язык как иностранный A1-1, практическое занятие","9-я линия В.О., д. 2/11, лит. А, 315"
804,2023-08-10 09:45:00,2023-08-10 11:15:00,"Реконструктивная урогинекология, практическое занятие","набережная реки Фонтанки, д. 154, лит. А, 447"
805,2023-08-14 12:30:00,2023-08-14 14:00:00,"Реконструктивная урогинекология, практическое занятие","набережная реки Фонтанки, д. 154, лит. А, 447"
806,2023-08-15 13:30:00,2023-08-15 15:00:00,"Реконструктивная урогинекология, практическое занятие","набережная реки Фонтанки, д. 154, лит. А, 447"
807,2023-08-16 08:00:00,2023-08-16 11:00:00,"Реконструктивная урогинекология, практическое занятие","набережная реки Фонтанки, д. 154, лит. А, 447"
808,2023-08-21 13:00:00,2023-08-21 14:30:00,"Реконструктивная урогинекология, практическое занятие","набережная реки Фонтанки, д. 154, лит. А, 447"
809,2023-08-22 08:00:00,2023-08-22 11:00:00,"Реконструктивная урогинекология, практическое занятие","набережная реки Фонтанки, д. 154, лит. А, 447"
810,2023-08-22 14:00:00,2023-08-22 15:30:00,"Реконструктивная урогинекология, практическое занятие","набережная реки Фонтанки, д. 154, лит. А, 447"
811,2023-08-23 08:00:00,2023-08-23 11:00:00,"Реконструктивная урогинекология, практическое занятие","набережная реки Фонтанки, д. 154, лит. А, 447"
812,2023-08-24 09:45:00,2023-08-24 11:15:00,"Реконструктивная урогинекология, практическое занятие","набережная реки Фонтанки, д. 154, лит. А, 447"
1091,2023-09-04 18:00:00,2023-09-04 19:30:00,"История России (онлайн-курс), зачёт (пересдача)",С использованием информационно-коммуникационных технологий
1092,2023-08-30 13:45:00,2023-08-30 17:00:00,"Финансы для руководителя, лекция","Волховский переулок, д. 3, лит. А,403"
1093,2023-08-31 09:30:00,2023-08-31 17:00:00,"Финансы для руководителя, лекция","Волховский переулок, д. 3, лит. А,403"
1094,2023-09-01 09:30:00,2023-09-01 12:45:00,"Финансы для руководителя, лекция","Волховский переулок, д. 3, лит. А,403"
460,2023-08-09 10:45:00,2023-08-09 12:00:00,"Летняя школа русского языка как иностранного в Санкт-Петербургском государственном университете., практическое занятие","9-я линия В.О., д. 2/11, лит. А, 308"
461,2023-08-09 12:20:00,2023-08-09 13:20:00,"Летняя школа русского языка как иностранного в Санкт-Петербургском государственном университете., практическое занятие","9-я линия В.О., д. 2/11, лит. А, 308"
816,2023-08-11 10:00:00,2023-08-11 11:30:00,"Русский язык для иностранных граждан. Уровень А2, практическое занятие",С использованием информационно-коммуникационных технологий
492,2023-08-09 10:00:00,2023-08-09 11:00:00,"Электив. Учебная практика (ознакомительная). Археологическая, сам. работа в присутствии преподавателя","<по месту проведения практики>,<по месту проведения практики>"
817,2023-08-11 11:45:00,2023-08-11 13:15:00,"Русский язык для иностранных граждан. Уровень А2, практическое занятие",С использованием информационно-коммуникационных технологий
818,2023-08-14 10:00:00,2023-08-14 11:30:00,"Русский язык для иностранных граждан. Уровень А2, практическое занятие",С использованием информационно-коммуникационных технологий
819,2023-08-14 11:45:00,2023-08-14 13:15:00,"Русский язык для иностранных граждан. Уровень А2, практическое занятие",С использованием информационно-коммуникационных технологий
820,2023-08-16 10:00:00,2023-08-16 11:30:00,"Русский язык для иностранных граждан. Уровень А2, практическое занятие",С использованием информационно-коммуникационных технологий
821,2023-08-16 11:45:00,2023-08-16 13:15:00,"Русский язык для иностранных граждан. Уровень А2, практическое занятие",С использованием информационно-коммуникационных технологий
824,2023-08-18 10:00:00,2023-08-18 11:30:00,"Русский язык для иностранных граждан. Уровень А2, практическое занятие",С использованием информационно-коммуникационных технологий
825,2023-08-18 11:45:00,2023-08-18 13:15:00,"Русский язык для иностранных граждан. Уровень А2, практическое занятие",С использованием информационно-коммуникационных технологий
826,2023-08-21 10:00:00,2023-08-21 11:30:00,"Русский язык для иностранных граждан. Уровень А2, практическое занятие",С использованием информационно-коммуникационных технологий
827,2023-08-21 11:45:00,2023-08-21 13:15:00,"Русский язык для иностранных граждан. Уровень А2, практическое занятие",С использованием информационно-коммуникационных технологий
828,2023-08-23 10:00:00,2023-08-23 11:30:00,"Русский язык для иностранных граждан. Уровень А2, практическое занятие",С использованием информационно-коммуникационных технологий
829,2023-08-23 11:45:00,2023-08-23 13:15:00,"Русский язык для иностранных граждан. Уровень А2, практическое занятие",С использованием информационно-коммуникационных технологий
830,2023-08-23 13:30:00,2023-08-23 15:00:00,"Русский язык для иностранных граждан. Уровень А2, практическое занятие",С использованием информационно-коммуникационных технологий
831,2023-08-25 10:00:00,2023-08-25 11:30:00,"Русский язык для иностранных граждан. Уровень А2, практическое занятие",С использованием информационно-коммуникационных технологий
832,2023-08-25 11:45:00,2023-08-25 13:15:00,"Русский язык для иностранных граждан. Уровень А2, практическое занятие",С использованием информационно-коммуникационных технологий
833,2023-08-28 10:00:00,2023-08-28 11:30:00,"Русский язык для иностранных граждан. Уровень А2, практическое занятие",С использованием информационно-коммуникационных технологий
834,2023-08-28 11:45:00,2023-08-28 13:15:00,"Русский язык для иностранных граждан. Уровень А2, практическое занятие",С использованием информационно-коммуникационных технологий
835,2023-08-30 10:00:00,2023-08-30 11:30:00,"Русский язык для иностранных граждан. Уровень А2, практическое занятие",С использованием информационно-коммуникационных технологий
836,2023-08-30 11:45:00,2023-08-30 13:15:00,"Русский язык для иностранных граждан. Уровень А2, практическое занятие",С использованием информационно-коммуникационных технологий
837,2023-09-01 10:00:00,2023-09-01 11:30:00,"Русский язык для иностранных граждан. Уровень А2, практическое занятие",С использованием информационно-коммуникационных технологий
838,2023-09-01 11:45:00,2023-09-01 13:15:00,"Русский язык для иностранных граждан. Уровень А2, практическое занятие",С использованием информационно-коммуникационных технологий
839,2023-09-04 10:00:00,2023-09-04 11:30:00,"Русский язык для иностранных граждан. Уровень А2, практическое занятие",С использованием информационно-коммуникационных технологий
840,2023-09-04 11:45:00,2023-09-04 13:15:00,"Русский язык для иностранных граждан. Уровень А2, практическое занятие",С использованием информационно-коммуникационных технологий
940,2023-08-14 09:00:00,2023-08-14 10:30:00,"Русский язык как иностранный B1-3, практическое занятие","9-я линия В.О., д. 2/11, лит. А, 407"
941,2023-08-14 10:40:00,2023-08-14 12:10:00,"Русский язык как иностранный B1-3, практическое занятие","9-я линия В.О., д. 2/11, лит. А, 407"
942,2023-08-16 09:00:00,2023-08-16 10:30:00,"Русский язык как иностранный B1-3, практическое занятие","9-я линия В.О., д. 2/11, лит. А, 407"
943,2023-08-16 10:40:00,2023-08-16 12:10:00,"Русский язык как иностранный B1-3, практическое занятие","9-я линия В.О., д. 2/11, лит. А, 407"
841,2023-08-25 15:00:00,2023-08-25 16:30:00,"Учебная практика: ознакомительная. Биолого-экологическая, зачёт","<по месту проведения практики>,<по месту проведения практики>"
910,2023-08-14 12:20:00,2023-08-14 13:50:00,"Русский язык как иностранный B1-1, практическое занятие","9-я линия В.О., д. 2/11, лит. А, 402"
911,2023-08-14 14:00:00,2023-08-14 15:30:00,"Русский язык как иностранный B1-1, практическое занятие","9-я линия В.О., д. 2/11, лит. А, 402"
912,2023-08-15 09:00:00,2023-08-15 10:30:00,"Русский язык как иностранный B1-1, практическое занятие","9-я линия В.О., д. 2/11, лит. А, 211"
913,2023-08-15 10:40:00,2023-08-15 12:10:00,"Русский язык как иностранный B1-1, практическое занятие","9-я линия В.О., д. 2/11, лит. А, 211"
914,2023-08-16 09:00:00,2023-08-16 10:30:00,"Русский язык как иностранный B1-1, практическое занятие","9-я линия В.О., д. 2/11, лит. А, 211"
915,2023-08-16 10:40:00,2023-08-16 12:10:00,"Русский язык как иностранный B1-1, практическое занятие","9-я линия В.О., д. 2/11, лит. А, 211"
916,2023-08-16 12:20:00,2023-08-16 13:50:00,"Русский язык как иностранный B1-1, практическое занятие","9-я линия В.О., д. 2/11, лит. А, 402"
560,2023-08-09 09:00:00,2023-08-09 10:30:00,"Русский язык как иностранный B1-2, практическое занятие","9-я линия В.О., д. 2/11, лит. А, 313"
561,2023-08-09 10:40:00,2023-08-09 12:10:00,"Русский язык как иностранный B1-2, практическое занятие","9-я линия В.О., д. 2/11, лит. А, 314"
917,2023-08-16 14:00:00,2023-08-16 15:30:00,"Русский язык как иностранный B1-1, практическое занятие","9-я линия В.О., д. 2/11, лит. А, 402"
918,2023-08-21 12:20:00,2023-08-21 13:50:00,"Русский язык как иностранный B1-1, практическое занятие","9-я линия В.О., д. 2/11, лит. А, 402"
919,2023-08-21 14:00:00,2023-08-21 15:30:00,"Русский язык как иностранный B1-1, практическое занятие","9-я линия В.О., д. 2/11, лит. А, 402"
920,2023-08-23 12:20:00,2023-08-23 13:50:00,"Русский язык как иностранный B1-1, практическое занятие","9-я линия В.О., д. 2/11, лит. А, 402"
921,2023-08-23 14:00:00,2023-08-23 15:30:00,"Русский язык как иностранный B1-1, практическое занятие","9-я линия В.О., д. 2/11, лит. А, 402"
922,2023-08-28 12:20:00,2023-08-28 13:50:00,"Русский язык как иностранный B1-1, практическое занятие","9-я линия В.О., д. 2/11, лит. А, 402"
923,2023-08-28 14:00:00,2023-08-28 15:30:00,"Русский язык как иностранный B1-1, практическое занятие","9-я линия В.О., д. 2/11, лит. А, 402"
924,2023-08-30 12:20:00,2023-08-30 13:50:00,"Русский язык как иностранный B1-1, практическое занятие","9-я линия В.О., д. 2/11, лит. А, 402"
925,2023-08-30 14:00:00,2023-08-30 15:30:00,"Русский язык как иностранный B1-1, практическое занятие","9-я линия В.О., д. 2/11, лит. А, 402"
1107,2023-09-04 18:00:00,2023-09-04 19:30:00,"История и культура Санкт-Петербурга и Ленинградской области (онлайн-курс), зачёт (комиссия)",С использованием информационно-коммуникационных технологий
1112,2023-08-10 09:25:00,2023-08-10 10:40:00,"Летняя школа русского языка как иностранного в Санкт-Петербургском государственном университете., практическое занятие","9-я линия В.О., д. 2/11, лит. А, 316"
1113,2023-08-10 10:50:00,2023-08-10 11:50:00,"Летняя школа русского языка как иностранного в Санкт-Петербургском государственном университете., практическое занятие","9-я линия В.О., д. 2/11, лит. А, 316"
1114,2023-08-11 12:20:00,2023-08-11 13:50:00,"Русский язык как иностранный A2-2, практическое занятие","9-я линия В.О., д. 2/11, лит. А, 215"
1115,2023-08-11 12:25:00,2023-08-11 13:40:00,"Летняя школа русского языка как иностранного в Санкт-Петербургском государственном университете., практическое занятие","9-я линия В.О., д. 2/11, лит. А, 316"
1116,2023-08-11 13:50:00,2023-08-11 14:50:00,"Летняя школа русского языка как иностранного в Санкт-Петербургском государственном университете., практическое занятие","9-я линия В.О., д. 2/11, лит. А, 316"
582,2023-08-09 15:00:00,2023-08-09 16:30:00,"Летняя школа русского языка как иностранного в Санкт-Петербургском государственном университете., практическое занятие","9-я линия В.О., д. 2/11, лит. А, 308"
1117,2023-08-11 14:00:00,2023-08-11 15:30:00,"Русский язык как иностранный A2-2, практическое занятие","9-я линия В.О., д. 2/11, лит. А, 215"
1118,2023-08-14 09:25:00,2023-08-14 10:40:00,"Летняя школа русского языка как иностранного в Санкт-Петербургском государственном университете., практическое занятие","9-я линия В.О., д. 2/11, лит. А, 316"
1119,2023-08-14 10:50:00,2023-08-14 11:50:00,"Летняя школа русского языка как иностранного в Санкт-Петербургском государственном университете., практическое занятие","9-я линия В.О., д. 2/11, лит. А, 316"
1120,2023-08-14 12:20:00,2023-08-14 13:50:00,"Русский язык как иностранный A2-2, практическое занятие","9-я линия В.О., д. 2/11, лит. А, 215"
1121,2023-08-14 14:00:00,2023-08-14 15:30:00,"Русский язык как иностранный A2-2, практическое занятие","9-я линия В.О., д. 2/11, лит. А, 215"
1122,2023-08-15 09:25:00,2023-08-15 10:40:00,"Летняя школа русского языка как иностранного в Санкт-Петербургском государственном университете., практическое занятие","9-я линия В.О., д. 2/11, лит. А, 316"
1123,2023-08-15 10:50:00,2023-08-15 11:50:00,"Летняя школа русского языка как иностранного в Санкт-Петербургском государственном университете., практическое занятие","9-я линия В.О., д. 2/11, лит. А, 316"
844,2023-08-10 12:20:00,2023-08-10 13:50:00,"Русский язык как иностранный A2-2, практическое занятие","9-я линия В.О., д. 2/11, лит. А, 215"
597,2023-08-29 13:00:00,2023-08-29 14:30:00,"Перкутанная нефролитотрипсия, практическое занятие","набережная реки Фонтанки, д. 154, лит. Г, 105"
598,2023-08-30 09:00:00,2023-08-30 12:45:00,"Перкутанная нефролитотрипсия, практическое занятие","набережная реки Фонтанки, д. 154, лит. Г, 244"
845,2023-08-10 12:20:00,2023-08-10 13:50:00,"Русский язык как иностранный B1-1, практическое занятие","9-я линия В.О., д. 2/11, лит. А, 211"
846,2023-08-10 14:00:00,2023-08-10 15:30:00,"Русский язык как иностранный A2-2, практическое занятие","9-я линия В.О., д. 2/11, лит. А, 215"
847,2023-08-10 14:00:00,2023-08-10 15:30:00,"Русский язык как иностранный B1-1, практическое занятие","9-я линия В.О., д. 2/11, лит. А, 211"
848,2023-08-10 15:40:00,2023-08-10 17:10:00,"Русский язык как иностранный A1-1, практическое занятие","9-я линия В.О., д. 2/11, лит. А, 315"
849,2023-08-10 17:20:00,2023-08-10 18:50:00,"Русский язык как иностранный A1-1, практическое занятие","9-я линия В.О., д. 2/11, лит. А, 315"
850,2023-08-11 14:00:00,2023-08-11 15:30:00,"Русский язык как иностранный A1-1, практическое занятие","9-я линия В.О., д. 2/11, лит. А, 315"
851,2023-08-14 09:00:00,2023-08-14 10:30:00,"Русский язык как иностранный A1-1, практическое занятие","9-я линия В.О., д. 2/11, лит. А, 315"
852,2023-08-14 10:40:00,2023-08-14 12:10:00,"Русский язык как иностранный A1-1, практическое занятие","9-я линия В.О., д. 2/11, лит. А, 315"
853,2023-08-14 12:20:00,2023-08-14 13:50:00,"Русский язык как иностранный A1-1, практическое занятие","9-я линия В.О., д. 2/11, лит. А, 315"
854,2023-08-14 14:00:00,2023-08-14 15:30:00,"Русский язык как иностранный A1-1, практическое занятие","9-я линия В.О., д. 2/11, лит. А, 315"
855,2023-08-15 12:20:00,2023-08-15 13:50:00,"Русский язык как иностранный A2-2, практическое занятие","9-я линия В.О., д. 2/11, лит. А, 215"
856,2023-08-15 14:00:00,2023-08-15 15:30:00,"Русский язык как иностранный A2-2, практическое занятие","9-я линия В.О., д. 2/11, лит. А, 215"
857,2023-08-15 15:40:00,2023-08-15 17:10:00,"Русский язык как иностранный A1-1, практическое занятие","9-я линия В.О., д. 2/11, лит. А, 315"
858,2023-08-15 17:20:00,2023-08-15 18:50:00,"Русский язык как иностранный A1-1, практическое занятие","9-я линия В.О., д. 2/11, лит. А, 315"
859,2023-08-16 09:00:00,2023-08-16 10:30:00,"Русский язык как иностранный A1-1, практическое занятие","9-я линия В.О., д. 2/11, лит. А, 315"
860,2023-08-16 10:40:00,2023-08-16 12:10:00,"Русский язык как иностранный A1-1, практическое занятие","9-я линия В.О., д. 2/11, лит. А, 315"
861,2023-08-17 12:20:00,2023-08-17 13:50:00,"Русский язык как иностранный A2-2, практическое занятие","9-я линия В.О., д. 2/11, лит. А, 215"
862,2023-08-17 12:20:00,2023-08-17 13:50:00,"Русский язык как иностранный B1-1, практическое занятие","9-я линия В.О., д. 2/11, лит. А, 211"
863,2023-08-17 14:00:00,2023-08-17 15:30:00,"Русский язык как иностранный A2-2, практическое занятие","9-я линия В.О., д. 2/11, лит. А, 215"
864,2023-08-17 14:00:00,2023-08-17 15:30:00,"Русский язык как иностранный B1-1, практическое занятие","9-я линия В.О., д. 2/11, лит. А, 211"
865,2023-08-17 15:40:00,2023-08-17 17:10:00,"Русский язык как иностранный A1-1, практическое занятие","9-я линия В.О., д. 2/11, лит. А, 315"
866,2023-08-17 17:20:00,2023-08-17 18:50:00,"Русский язык как иностранный A1-1, практическое занятие","9-я линия В.О., д. 2/11, лит. А, 315"
867,2023-08-22 12:20:00,2023-08-22 13:50:00,"Русский язык как иностранный A2-2, практическое занятие","9-я линия В.О., д. 2/11, лит. А, 215"
868,2023-08-22 14:00:00,2023-08-22 15:30:00,"Русский язык как иностранный A2-2, практическое занятие","9-я линия В.О., д. 2/11, лит. А, 215"
869,2023-08-22 15:40:00,2023-08-22 17:10:00,"Русский язык как иностранный A1-1, практическое занятие","9-я линия В.О., д. 2/11, лит. А, 315"
870,2023-08-22 17:20:00,2023-08-22 18:50:00,"Русский язык как иностранный A1-1, практическое занятие","9-я линия В.О., д. 2/11, лит. А, 315"
871,2023-08-24 09:00:00,2023-08-24 10:30:00,"Русский язык как иностранный A2-3, практическое занятие","9-я линия В.О., д. 2/11, лит. А, 221"
872,2023-08-24 10:40:00,2023-08-24 12:10:00,"Русский язык как иностранный A2-3, практическое занятие","9-я линия В.О., д. 2/11, лит. А, 221"
873,2023-08-24 12:20:00,2023-08-24 13:50:00,"Русский язык как иностранный A2-2, практическое занятие","9-я линия В.О., д. 2/11, лит. А, 215"
874,2023-08-24 14:00:00,2023-08-24 15:30:00,"Русский язык как иностранный A2-2, практическое занятие","9-я линия В.О., д. 2/11, лит. А, 215"
875,2023-08-24 15:40:00,2023-08-24 17:10:00,"Русский язык как иностранный A1-1, практическое занятие","9-я линия В.О., д. 2/11, лит. А, 315"
876,2023-08-24 17:20:00,2023-08-24 18:50:00,"Русский язык как иностранный A1-1, практическое занятие","9-я линия В.О., д. 2/11, лит. А, 315"
877,2023-08-29 12:20:00,2023-08-29 13:50:00,"Русский язык как иностранный A2-2, практическое занятие","9-я линия В.О., д. 2/11, лит. А, 215"
878,2023-08-29 14:00:00,2023-08-29 15:30:00,"Русский язык как иностранный A2-2, практическое занятие","9-я линия В.О., д. 2/11, лит. А, 215"
879,2023-08-29 15:40:00,2023-08-29 17:10:00,"Русский язык как иностранный A1-1, практическое занятие","9-я линия В.О., д. 2/11, лит. А, 315"
880,2023-08-29 17:20:00,2023-08-29 18:50:00,"Русский язык как иностранный A1-1, практическое занятие","9-я линия В.О., д. 2/11, лит. А, 315"
